;
"Keane","Bohey","43","true","04.11.2023","05.06.2024 14:46","znind19@123-reg.co.uk","https://www.ameblo.jp","Keane","Bohey","false"
"Keane","Bohey","43","true","street1, Stadt, 12345","04.11.2023","05.06.2024 14:46","znind19@123-reg.co.uk","https://www.ameblo.jp","Keane","Bohey","false"
"Keane","Bohey","43","true","Lockpicking","street1, Stadt, 12345","04.11.2023","05.06.2024 14:46","znind19@123-reg.co.uk","https://www.ameblo.jp","Keane","Bohey","false"
"Keane","Bohey","43","true","Lockpicking","street1, Stadt, 12345","04.11.2023","05.06.2024 14:46","znind19@123-reg.co.uk","https://www.ameblo.jp","","Bohey","false"
"Keane","Bohey","43","true","Lockpicking","street1, Stadt, 12345","04.11.2023","05.06.2024 14:46","znind19@123-reg.co.uk","https://www.ameblo.jp","","Bohey","false"
"Keane","Bohey","43","true","Lockpicking","street1, Stadt, 12345","04.11.2023","05.06.2024 14:46","znind19@123-reg.co.uk","https://www.ameblo.jp","Keane","Bohey","false"
"Keane","Bohey","43","true","Lockpicking","street1, Stadt, 12345","04.11.2023","05.06.2024 14:46","znind19@123-reg.co.uk","https://www.ameblo.jp","Keane","Bohey","false"
"Keane","Bohey","43","true","Lockpicking","street1, Stadt, 12345","04.11.2023","05.06.2024 14:46","znind19@123-reg.co.uk","https://www.ameblo.jp","Keane","Bohey","false"
"Keane","Bohey","43","true","Lockpicking","street1, Stadt, 12345","04.11.2023","05.06.2024 14:46","znind19@123-reg.co.uk","https://www.ameblo.jp","Keane","Bohey","false"
"Keane","Bohey","43","true","Lockpicking","street1, Stadt, 12345","04.11.2023","05.06.2024 14:46","znind19@123-reg.co.uk","https://www.ameblo.jp","Keane","Bohey","false"
